ds,actual,yhat,yhat_lower,yhat_upper
2021-01-01,18481076.0,18055946.31051888,16994996.13117648,19268822.809329115
2021-02-01,18121389.0,18085227.109071475,16888898.422057357,19328062.415929057
2021-03-01,18477969.0,20385878.68059174,19054992.891690146,21692132.915367756
2021-04-01,19573165.0,19577350.626316357,18329177.882966153,20890299.216640502
2021-05-01,21071885.0,19847646.05195425,18659872.922704645,21214314.207585707
2021-06-01,19349818.0,18266485.8139692,17155225.150152557,19549500.672622614
2021-07-01,18470388.0,18143628.94565685,16965180.739030436,19334826.41653179
2021-08-01,19033617.0,19287453.9383658,18079635.730859548,20603712.141784016
2021-09-01,19345093.0,19588910.32895184,18390897.513262376,20844314.9960476
2021-10-01,22730457.0,22595584.357852053,21243881.63653801,24013003.45056262
2021-11-01,33926293.0,36784565.62457469,34430545.155470505,39244255.76172241
2021-12-01,28551794.0,26837196.440110505,25299168.077176083,28610160.00545209
2022-01-01,19388595.0,20027644.064694703,18830321.13528418,21317779.58206134
2022-02-01,18814228.0,19110342.35385066,17952566.679206405,20385661.375054497
2022-03-01,22150915.0,21408223.298868727,20075970.72323647,22843735.082478076
2022-04-01,20718685.0,20282357.876425523,19083567.397878043,21768405.39358107
2022-05-01,20678269.0,21658814.40169381,20375375.36813764,23010931.9572405
2022-06-01,19605713.0,19699616.044633713,18497611.811225478,20951914.176755138
2022-07-01,18615642.0,18868456.613169316,17752292.441823944,20122207.449220095
2022-08-01,20181998.0,20095085.23808408,18846696.63915521,21383476.4477864
2022-09-01,20145345.0,20449493.588781595,19250477.74364465,21872547.144889466
2022-10-01,38397774.0,37505670.133350365,35280246.2437369,39969358.6542469
2022-11-01,23097524.0,23048785.422126733,21556875.797664803,24532521.98557558
2022-12-01,28730840.0,28725877.27720985,26934564.152586292,30638052.488130372
2023-01-01,21276724.0,21122998.29245117,19821528.1576895,22408135.2355443
2023-02-01,20753996.0,20194341.155777752,18963003.028391715,21611074.25777258
2023-03-01,20961249.0,20374924.071067706,19097091.932259105,21638355.71431815
2023-04-01,19934935.0,21138117.584595677,19842961.421802092,22450888.32477452
2023-05-01,21706395.0,21125639.187697183,19939647.0004798,22516438.16374953
2023-06-01,20763147.0,20425223.333127473,19163248.210563377,21822582.916931853
2023-07-01,20716570.0,19994914.405132145,18778969.38298198,21302843.59114266
2023-08-01,19965680.0,20035743.516476773,18918681.40153477,21358993.291684
2023-09-01,20051021.0,21251107.99390453,19911793.246425726,22494861.227905408
2023-10-01,26305535.0,27493118.700091407,25829412.11105959,29215779.027062986
2023-11-01,38806059.0,37416472.143335216,35102861.188780785,39881642.223811254
2023-12-01,29189204.0,29288060.313043375,27603948.894794494,31305322.594266955
2024-01-01,21176395.0,21443398.122236665,20184653.30322944,22799706.915193602
2024-02-01,20862711.0,20403931.978907995,19100331.95959608,21748138.901193537
2024-03-01,21757329.0,20407980.71303752,19190999.692135885,21814730.309061855
2024-04-01,19996133.0,21568910.327655487,20267346.06048584,22954053.343071595
2024-05-01,23477661.0,22847907.91223152,21446767.369031735,24196767.60974072
2024-06-01,20034575.0,20732810.493631244,19513849.234464988,22069035.572626114
2024-07-01,18829479.0,20405034.364947304,19134725.622773215,21676876.32349338
2024-08-01,22053854.0,20615463.38219732,19445944.12435668,21910086.623455122
2024-09-01,21744014.0,22038157.450391162,20759961.934940897,23409573.573006656
2024-10-01,34887756.0,33532006.108999703,31495659.263471246,35955922.05481914
2024-11-01,30232460.0,30382684.02933174,28544517.422799997,32252366.30974133
2024-12-01,31630937.0,30860039.759919714,29044509.83668247,33088413.789134987
2025-01-01,22222979.0,22741379.643064532,21375976.1165099,24226219.436410315
2025-02-01,21257206.0,21805957.289753523,20485935.986229695,23163290.30242461
2025-03-01,22870435.0,21940561.042168252,20577603.500378907,23297847.838741273
2025-04-01,25530119.0,25049839.977601796,23490872.24593541,26691514.08094778
2025-05-01,22320127.0,23020023.741378978,21651601.7839358,24443455.461521443
2025-06-01,21783364.0,22291640.32147529,20890891.457907435,23654735.42364016
2025-07-01,22383618.0,21810080.704265717,20594007.234451395,23177562.352620557
2025-08-01,21335217.0,21856434.142093144,20574257.81284721,23290692.76375927
2025-09-01,23907021.0,23178434.77072238,21714531.34224824,24738218.891352296
2025-10-01,41047718.0,39534010.21462639,37212684.26641579,41988456.7020735
2025-11-01,26430658.0,25638997.588843994,24117586.540784504,27293576.22121625
2025-12-01,29488976.0,31771402.71730268,29963194.96360773,34017144.98004658
2026-01-01,,23754503.625934258,22396716.71706368,25311451.27082573
2026-02-01,,22101110.67442108,20772908.17712823,23529340.863920517
2026-03-01,,22955283.59812613,21511347.339995533,24304786.62880644
2026-04-01,,23255579.22538221,21774592.803824294,24752758.352831956
2026-05-01,,23181514.884686913,21700052.6331425,24764114.563523777
2026-06-01,,22652207.78742934,21163324.550158203,24151095.85934806
2026-07-01,,21628827.513738967,20337421.824637875,23096725.101515878
2026-08-01,,22692328.11373554,21250743.74650321,24225662.141061787
2026-09-01,,22749107.329390958,21187135.61276049,24452434.760963403
2026-10-01,,40174267.78125012,37518416.14094049,43090139.82142325
2026-11-01,,39407119.862306625,36714163.80922006,42313809.46643695
2026-12-01,,31748837.633162394,29424658.34195513,34175210.082381204
2027-01-01,,22980556.14128214,21304176.358783957,24769179.49559616
2027-02-01,,22077071.304460194,20390894.015134376,23933602.111986242
2027-03-01,,22256986.74507573,20595669.63638042,24332109.917251054
2027-04-01,,22983248.360563315,21269815.864004277,25111896.90116496
2027-05-01,,23189423.149592847,21165685.647129484,25244042.853238635
2027-06-01,,22467300.559658777,20393852.2057439,24727638.296433672
2027-07-01,,21607582.40018354,19607263.242604736,23852919.661534
2027-08-01,,21632867.892053578,19373099.780289285,24212569.209681984
2027-09-01,,22925151.739901215,20557273.33913368,25563315.033183835
2027-10-01,,24625390.736706316,21900519.34209686,27783655.003947664
2027-11-01,,25391984.778485578,22451226.677135587,28673369.436822716
2027-12-01,,24544082.212923285,21638775.93265319,28148011.915288754
